{"name":"ludicolo","happy":-64.51588650000001,"health":6.6026051999999655,"hunger":94.71011200000018,"sleep":44.30430350000006,"state":"acordado","lastTime":"2019-07-17 18:04:35 -0300","level":3,"exp":84}