{"name":"ludicolo","happy":77.7687876,"health":70.51729640000003,"hunger":63.5026095,"sleep":91.87063319999999,"state":"normal","lastTime":"2019-07-17 14:27:39 -0300","level":3,"exp":0}